Frequency (Hz), Magnitude (dB)
0.000000, -21.479011
11.718750, -21.495138
23.437500, -21.543707
35.156250, -21.625286
46.875000, -21.740839
58.593750, -21.891761
70.312500, -22.079918
82.031250, -22.307719
93.750000, -22.578204
105.468750, -22.895173
117.187500, -23.263358
128.906250, -23.688678
140.625000, -24.178580
152.343750, -24.742557
164.062500, -25.392911
175.781250, -26.145930
187.500000, -27.023789
199.218750, -28.057757
210.937500, -29.293980
222.656250, -30.804778
234.375000, -32.713311
246.093750, -35.256606
257.812500, -38.992567
269.531250, -45.915953
281.250000, -58.333606
292.968750, -42.437844
304.687500, -37.122867
316.406250, -33.852157
328.125000, -31.497105
339.843750, -29.670191
351.562500, -28.191754
363.281250, -26.963962
375.000000, -25.927868
386.718750, -25.045435
398.437500, -24.290911
410.156250, -23.646265
421.875000, -23.098609
433.593750, -22.638638
445.312500, -22.259673
457.031250, -21.957039
468.750000, -21.727671
480.468750, -21.569866
492.187500, -21.483148
503.906250, -21.468214
515.625000, -21.526962
527.343750, -21.662601
539.062500, -21.879860
550.781250, -22.185332
562.500000, -22.588002
574.218750, -23.100075
585.937500, -23.738291
597.656250, -24.526073
609.375000, -25.497237
621.093750, -26.702813
632.812500, -28.224726
644.531250, -30.206739
656.250000, -32.937893
667.968750, -37.153366
679.687500, -46.098703
691.406250, -47.684962
703.125000, -37.541107
714.843750, -33.006237
726.562500, -30.085497
738.281250, -27.962890
750.000000, -26.329229
761.718750, -25.034857
773.437500, -23.997022
785.156250, -23.166342
796.875000, -22.512313
808.593750, -22.016319
820.312500, -21.668088
832.031250, -21.463976
843.750000, -21.406416
855.468750, -21.504320
867.187500, -21.774606
878.906250, -22.245398
890.625000, -22.962348
902.343750, -24.001603
914.062500, -25.499223
925.781250, -27.729921
937.500000, -31.385793
949.218750, -39.387141
960.937500, -42.338636
972.656250, -31.007098
984.375000, -25.878231
996.093750, -22.427894
1007.812500, -19.786481
1019.531250, -17.628326
1031.250000, -15.795230
1042.968750, -14.198131
1054.687500, -12.781802
1066.406250, -11.509567
1078.125000, -10.355783
1089.843750, -9.301790
1101.562500, -8.333567
1113.281250, -7.440301
1125.000000, -6.613465
1136.718750, -5.846215
1148.437500, -5.132967
1160.156250, -4.469104
1171.875000, -3.850764
1183.593750, -3.274680
1195.312500, -2.738069
1207.031250, -2.238533
1218.750000, -1.773999
1230.468750, -1.342657
1242.187500, -0.942920
1253.906250, -0.573388
1265.625000, -0.232820
1277.343750, 0.079890
1289.062500, 0.365732
1300.781250, 0.625594
1312.500000, 0.860282
1324.218750, 1.070527
1335.937500, 1.256996
1347.656250, 1.420303
1359.375000, 1.561017
1371.093750, 1.679669
1382.812500, 1.776757
1394.531250, 1.852759
1406.250000, 1.908132
1417.968750, 1.943323
1429.687500, 1.958777
1441.406250, 1.954938
1453.125000, 1.932259
1464.843750, 1.891210
1476.562500, 1.832287
1488.281250, 1.756013
1500.000000, 1.662955
1511.718750, 1.553730
1523.437500, 1.429012
1535.156250, 1.289550
1546.875000, 1.136171
1558.593750, 0.969799
1570.312500, 0.791461
1582.031250, 0.602306
1593.750000, 0.403611
1605.468750, 0.196798
1617.187500, -0.016560
1628.906250, -0.234728
1640.625000, -0.455809
1652.343750, -0.677737
1664.062500, -0.898287
1675.781250, -1.115087
1687.500000, -1.325639
1699.218750, -1.527346
1710.937500, -1.717559
1722.656250, -1.893626
1734.375000, -2.052950
1746.093750, -2.193064
1757.812500, -2.311701
1769.531250, -2.406871
1781.250000, -2.476935
1792.968750, -2.520667
1804.687500, -2.537302
1816.406250, -2.526572
1828.125000, -2.488714
1839.843750, -2.424461
1851.562500, -2.335010
1863.281250, -2.221973
1875.000000, -2.087315
1886.718750, -1.933278
1898.437500, -1.762309
1910.156250, -1.576985
1921.875000, -1.379938
1933.593750, -1.173801
1945.312500, -0.961147
1957.031250, -0.744453
1968.750000, -0.526066
1980.468750, -0.308183
1992.187500, -0.092833
2003.906250, 0.118125
2015.625000, 0.323005
2027.343750, 0.520288
2039.062500, 0.708619
2050.781250, 0.886795
2062.500000, 1.053756
2074.218750, 1.208575
2085.937500, 1.350446
2097.656250, 1.478672
2109.375000, 1.592661
2121.093750, 1.691908
2132.812500, 1.775998
2144.531250, 1.844588
2156.250000, 1.897409
2167.968750, 1.934259
2179.687500, 1.954998
2191.406250, 1.959546
2203.125000, 1.947883
2214.843750, 1.920048
2226.562500, 1.876139
2238.281250, 1.816316
2250.000000, 1.740805
2261.718750, 1.649898
2273.437500, 1.543965
2285.156250, 1.423454
2296.875000, 1.288905
2308.593750, 1.140950
2320.312500, 0.980334
2332.031250, 0.807913
2343.750000, 0.624675
2355.468750, 0.431744
2367.187500, 0.230395
2378.906250, 0.022063
2390.625000, -0.191651
2402.343750, -0.408973
2414.062500, -0.627953
2425.781250, -0.846471
2437.500000, -1.062243
2449.218750, -1.272843
2460.937500, -1.475729
2472.656250, -1.668276
2484.375000, -1.847830
2496.093750, -2.011761
2507.812500, -2.157533
2519.531250, -2.282777
2531.250000, -2.385369
2542.968750, -2.463503
2554.687500, -2.515765
2566.406250, -2.541186
2578.125000, -2.539283
2589.843750, -2.510083
2601.562500, -2.454120
2613.281250, -2.372414
2625.000000, -2.266423
2636.718750, -2.137994
2648.437500, -1.989282
2660.156250, -1.822682
2671.875000, -1.640751
2683.593750, -1.446129
2695.312500, -1.241479
2707.031250, -1.029428
2718.750000, -0.812518
2730.468750, -0.593171
2742.187500, -0.373664
2753.906250, -0.156111
2765.625000, 0.057546
2777.343750, 0.265541
2789.062500, 0.466278
2800.781250, 0.658330
2812.500000, 0.840429
2824.218750, 1.011455
2835.937500, 1.170425
2847.656250, 1.316484
2859.375000, 1.448893
2871.093750, 1.567021
2882.812500, 1.670331
2894.531250, 1.758374
2906.250000, 1.830786
2917.968750, 1.887273
2929.687500, 1.927614
2941.406250, 1.951651
2953.125000, 1.959291
2964.843750, 1.950500
2976.562500, 1.925307
2988.281250, 1.883802
3000.000000, 1.826135
3011.718750, 1.752527
3023.437500, 1.663266
3035.156250, 1.558717
3046.875000, 1.439327
3058.593750, 1.305634
3070.312500, 1.158272
3082.031250, 0.997987
3093.750000, 0.825642
3105.468750, 0.642229
3117.187500, 0.448883
3128.906250, 0.246890
3140.625000, 0.037702
3152.343750, -0.177063
3164.062500, -0.395606
3175.781250, -0.615950
3187.500000, -0.835941
3199.218750, -1.053262
3210.937500, -1.265444
3222.656250, -1.469898
3234.375000, -1.663955
3246.093750, -1.844907
3257.812500, -2.010076
3269.531250, -2.156879
3281.250000, -2.282901
3292.968750, -2.385980
3304.687500, -2.464283
3316.406250, -2.516375
3328.125000, -2.541282
3339.843750, -2.538527
3351.562500, -2.508157
3363.281250, -2.450737
3375.000000, -2.367327
3386.718750, -2.259436
3398.437500, -2.128964
3410.156250, -1.978125
3421.875000, -1.809370
3433.593750, -1.625310
3445.312500, -1.428638
3457.031250, -1.222063
3468.750000, -1.008250
3480.468750, -0.789775
3492.187500, -0.569089
3503.906250, -0.348489
3515.625000, -0.130104
3527.343750, 0.084112
3539.062500, 0.292386
3550.781250, 0.493121
3562.500000, 0.684890
3574.218750, 0.866425
3585.937500, 1.036612
3597.656250, 1.194475
3609.375000, 1.339165
3621.093750, 1.469952
3632.812500, 1.586212
3644.531250, 1.687419
3656.250000, 1.773134
3667.968750, 1.843003
3679.687500, 1.896744
3691.406250, 1.934147
3703.125000, 1.955067
3714.843750, 1.959424
3726.562500, 1.947198
3738.281250, 1.918434
3750.000000, 1.873238
3761.718750, 1.811782
3773.437500, 1.734303
3785.156250, 1.641116
3796.875000, 1.532611
3808.593750, 1.409263
3820.312500, 1.271644
3832.031250, 1.120424
3843.750000, 0.956391
3855.468750, 0.780452
3867.187500, 0.593650
3878.906250, 0.397178
3890.625000, 0.192382
3902.343750, -0.019222
3914.062500, -0.235943
3925.781250, -0.455909
3937.500000, -0.677067
3949.218750, -0.897189
3960.937500, -1.113881
3972.656250, -1.324609
3984.375000, -1.526725
3996.093750, -1.717513
4007.812500, -1.894241
4019.531250, -2.054224
4031.250000, -2.194900
4042.968750, -2.313906
4054.687500, -2.409161
4066.406250, -2.478940
4078.125000, -2.521947
4089.843750, -2.537369
4101.562500, -2.524907
4113.281250, -2.484794
4125.000000, -2.417781
4136.718750, -2.325110
4148.437500, -2.208454
4160.156250, -2.069856
4171.875000, -1.911651
4183.593750, -1.736383
4195.312500, -1.546727
4207.031250, -1.345416
4218.750000, -1.135176
4230.468750, -0.918667
4242.187500, -0.698444
4253.906250, -0.476924
4265.625000, -0.256360
4277.343750, -0.038830
4289.062500, 0.173765
4300.781250, 0.379710
4312.500000, 0.577462
4324.218750, 0.765651
4335.937500, 0.943062
4347.656250, 1.108631
4359.375000, 1.261428
4371.093750, 1.400650
4382.812500, 1.525607
4394.531250, 1.635715
4406.250000, 1.730482
4417.968750, 1.809505
4429.687500, 1.872458
4441.406250, 1.919092
4453.125000, 1.949224
4464.843750, 1.962740
4476.562500, 1.959586
4488.281250, 1.939773
4500.000000, 1.903374
4511.718750, 1.850528
4523.437500, 1.781438
4535.156250, 1.696381
4546.875000, 1.595707
4558.593750, 1.479852
4570.312500, 1.349339
4582.031250, 1.204791
4593.750000, 1.046939
4605.468750, 0.876633
4617.187500, 0.694854
4628.906250, 0.502723
4640.625000, 0.301517
4652.343750, 0.092674
4664.062500, -0.122193
4675.781250, -0.341290
4687.500000, -0.562642
4699.218750, -0.784092
4710.937500, -1.003310
4722.656250, -1.217813
4734.375000, -1.424987
4746.093750, -1.622125
4757.812500, -1.806478
4769.531250, -1.975313
4781.250000, -2.125982
4792.968750, -2.255999
4804.687500, -2.363126
4816.406250, -2.445447
4828.125000, -2.501445
4839.843750, -2.530068
4851.562500, -2.530768
4863.281250, -2.503530
4875.000000, -2.448870
4886.718750, -2.367814
4898.437500, -2.261853
4910.156250, -2.132881
4921.875000, -1.983123
4933.593750, -1.815053
4945.312500, -1.631312
4957.031250, -1.434634
4968.750000, -1.227770
4980.468750, -1.013432
4992.187500, -0.794244
5003.906250, -0.572701
5015.625000, -0.351144
5027.343750, -0.131743
5039.062500, 0.083513
5050.781250, 0.292817
5062.500000, 0.494544
5074.218750, 0.687241
5085.937500, 0.869620
5097.656250, 1.040549
5109.375000, 1.199037
5121.093750, 1.344223
5132.812500, 1.475367
5144.531250, 1.591838
5156.250000, 1.693105
5167.968750, 1.778725
5179.687500, 1.848341
5191.406250, 1.901670
5203.125000, 1.938502
5214.843750, 1.958695
5226.562500, 1.962171
5238.281250, 1.948914
5250.000000, 1.918973
5261.718750, 1.872460
5273.437500, 1.809554
5285.156250, 1.730504
5296.875000, 1.635631
5308.593750, 1.525340
5320.312500, 1.400121
5332.031250, 1.260559
5343.750000, 1.107347
5355.468750, 0.941291
5367.187500, 0.763326
5378.906250, 0.574522
5390.625000, 0.376102
5402.343750, 0.169449
5414.062500, -0.043882
5425.781250, -0.262158
5437.500000, -0.483463
5449.218750, -0.705695
5460.937500, -0.926576
5472.656250, -1.143663
5484.375000, -1.354373
5496.093750, -1.556016
5507.812500, -1.745835
5519.531250, -1.921070
5531.250000, -2.079019
5542.968750, -2.217115
5554.687500, -2.333008
5566.406250, -2.424646
5578.125000, -2.490355
5589.843750, -2.528903
5601.562500, -2.539557
5613.281250, -2.522112
5625.000000, -2.476902
5636.718750, -2.404784
5648.437500, -2.307099
5660.156250, -2.185622
5671.875000, -2.042482
5683.593750, -1.880091
5695.312500, -1.701056
5707.031250, -1.508100
5718.750000, -1.303991
5730.468750, -1.091474
5742.187500, -0.873221
5753.906250, -0.651785
5765.625000, -0.429573
5777.343750, -0.208823
5789.062500, 0.008406
5800.781250, 0.220238
5812.500000, 0.424983
5824.218750, 0.621125
5835.937500, 0.807319
5847.656250, 0.982379
5859.375000, 1.145264
5871.093750, 1.295072
5882.812500, 1.431021
5894.531250, 1.552444
5906.250000, 1.658779
5917.968750, 1.749553
5929.687500, 1.824384
5941.406250, 1.882964
5953.125000, 1.925062
5964.843750, 1.950514
5976.562500, 1.959222
5988.281250, 1.951154
6000.000000, 1.926338
6011.718750, 1.884868
6023.437500, 1.826904
6035.156250, 1.752675
6046.875000, 1.662481
6058.593750, 1.556704
6070.312500, 1.435809
6082.031250, 1.300356
6093.750000, 1.151007
6105.468750, 0.988538
6117.187500, 0.813847
6128.906250, 0.627970
6140.625000, 0.432088
6152.343750, 0.227542
6164.062500, 0.015842
6175.781250, -0.201325
6187.500000, -0.422087
6199.218750, -0.644388
6210.937500, -0.865992
6222.656250, -1.084492
6234.375000, -1.297334
6246.093750, -1.501844
6257.812500, -1.695271
6269.531250, -1.874841
6281.250000, -2.037821
6292.968750, -2.181590
6304.687500, -2.303725
6316.406250, -2.402079
6328.125000, -2.474864
6339.843750, -2.520718
6351.562500, -2.538770
6363.281250, -2.528671
6375.000000, -2.490612
6386.718750, -2.425316
6398.437500, -2.334006
6410.156250, -2.218354
6421.875000, -2.080409
6433.593750, -1.922524
6445.312500, -1.747271
6457.031250, -1.557358
6468.750000, -1.355556
6480.468750, -1.144629
6492.187500, -0.927279
6503.906250, -0.706101
6515.625000, -0.483547
6527.343750, -0.261906
6539.062500, -0.043289
6550.781250, 0.170378
6562.500000, 0.377352
6574.218750, 0.576072
6585.937500, 0.765148
6597.656250, 0.943350
6609.375000, 1.109603
6621.093750, 1.262967
6632.812500, 1.402631
6644.531250, 1.527900
6656.250000, 1.638183
6667.968750, 1.732988
6679.687500, 1.811910
6691.406250, 1.874622
6703.125000, 1.920876
6714.843750, 1.950491
6726.562500, 1.963354
6738.281250, 1.959416
6750.000000, 1.938692
6761.718750, 1.901261
6773.437500, 1.847267
6785.156250, 1.776921
6796.875000, 1.690509
6808.593750, 1.588392
6820.312500, 1.471017
6832.031250, 1.338921
6843.750000, 1.192743
6855.468750, 1.033231
6867.187500, 0.861258
6878.906250, 0.677825
6890.625000, 0.484082
6902.343750, 0.281334
6914.062500, 0.071052
6925.781250, -0.145115
6937.500000, -0.365337
6949.218750, -0.587596
6960.937500, -0.809693
6972.656250, -1.029257
6984.375000, -1.243761
6996.093750, -1.450552
7007.812500, -1.646888
7019.531250, -1.829991
7031.250000, -1.997109
7042.968750, -2.145587
7054.687500, -2.272945
7066.406250, -2.376964
7078.125000, -2.455766
7089.843750, -2.507886
7101.562500, -2.532338
7113.281250, -2.528652
7125.000000, -2.496900
7136.718750, -2.437688
7148.437500, -2.352135
7160.156250, -2.241818
7171.875000, -2.108714
7183.593750, -1.955118
7195.312500, -1.783563
7207.031250, -1.596738
7218.750000, -1.397411
7230.468750, -1.188355
7242.187500, -0.972295
7253.906250, -0.751854
7265.625000, -0.529522
7277.343750, -0.307630
7289.062500, -0.088328
7300.781250, 0.126412
7312.500000, 0.334808
7324.218750, 0.535256
7335.937500, 0.726328
7347.656250, 0.906761
7359.375000, 1.075443
7371.093750, 1.231406
7382.812500, 1.373811
7394.531250, 1.501937
7406.250000, 1.615173
7417.968750, 1.713005
7429.687500, 1.795007
7441.406250, 1.860838
7453.125000, 1.910233
7464.843750, 1.942995
7476.562500, 1.958998
7488.281250, 1.958180
7500.000000, 1.940542
7511.718750, 1.906148
7523.437500, 1.855130
7535.156250, 1.787686
7546.875000, 1.704085
7558.593750, 1.604674
7570.312500, 1.489881
7582.031250, 1.360227
7593.750000, 1.216331
7605.468750, 1.058919
7617.187500, 0.888841
7628.906250, 0.707074
7640.625000, 0.514740
7652.343750, 0.313117
7664.062500, 0.103647
7675.781250, -0.112052
7687.500000, -0.332178
7699.218750, -0.554745
7710.937500, -0.777581
7722.656250, -0.998337
7734.375000, -1.214506
7746.093750, -1.423445
7757.812500, -1.622417
7769.531250, -1.808635
7781.250000, -1.979325
7792.968750, -2.131798
7804.687500, -2.263524
7816.406250, -2.372222
7828.125000, -2.455936
7839.843750, -2.513114
7851.562500, -2.542673
7863.281250, -2.544048
7875.000000, -2.517209
7886.718750, -2.462673
7898.437500, -2.381473
7910.156250, -2.275115
7921.875000, -2.145520
7933.593750, -1.994941
7945.312500, -1.825886
7957.031250, -1.641033
7968.750000, -1.443153
7980.468750, -1.235032
7992.187500, -1.019417
8003.906250, -0.798962
8015.625000, -0.576190
8027.343750, -0.353467
8039.062500, -0.132983
8050.781250, 0.083256
8062.500000, 0.293430
8074.218750, 0.495901
8085.937500, 0.689210
8097.656250, 0.872063
8109.375000, 1.043322
8121.093750, 1.201995
8132.812500, 1.347221
8144.531250, 1.478259
8156.250000, 1.594481
8167.968750, 1.695357
8179.687500, 1.780448
8191.406250, 1.849399
8203.125000, 1.901934
8214.843750, 1.937846
8226.562500, 1.956999
8238.281250, 1.959320
8250.000000, 1.944802
8261.718750, 1.913501
8273.437500, 1.865538
8285.156250, 1.801102
8296.875000, 1.720451
8308.593750, 1.623920
8320.312500, 1.511927
8332.031250, 1.384978
8343.750000, 1.243677
8355.468750, 1.088735
8367.187500, 0.920981
8378.906250, 0.741375
8390.625000, 0.551017
8402.343750, 0.351158
8414.062500, 0.143216
8425.781250, -0.071217
8437.500000, -0.290369
8449.218750, -0.512282
8460.937500, -0.734813
8472.656250, -0.955641
8484.375000, -1.172281
8496.093750, -1.382114
8507.812500, -1.582414
8519.531250, -1.770403
8531.250000, -1.943303
8542.968750, -2.098411
8554.687500, -2.233171
8566.406250, -2.345262
8578.125000, -2.432677
8589.843750, -2.493802
8601.562500, -2.527482
8613.281250, -2.533069
8625.000000, -2.510457
8636.718750, -2.460077
8648.437500, -2.382886
8660.156250, -2.280321
8671.875000, -2.154241
8683.593750, -2.006852
8695.312500, -1.840625
8707.031250, -1.658214
8718.750000, -1.462377
8730.468750, -1.255899
8742.187500, -1.041533
8753.906250, -0.821947
8765.625000, -0.599684
8777.343750, -0.377132
8789.062500, -0.156507
8800.781250, 0.060157
8812.500000, 0.271014
8824.218750, 0.474400
8835.937500, 0.668829
8847.656250, 0.852984
8859.375000, 1.025704
8871.093750, 1.185976
8882.812500, 1.332918
8894.531250, 1.465774
8906.250000, 1.583897
8917.968750, 1.686744
8929.687500, 1.773861
8941.406250, 1.844882
8953.125000, 1.899518
8964.843750, 1.937552
8976.562500, 1.958836
8988.281250, 1.963289
9000.000000, 1.950893
9011.718750, 1.921693
9023.437500, 1.875802
9035.156250, 1.813397
9046.875000, 1.734727
9058.593750, 1.640115
9070.312500, 1.529965
9082.031250, 1.404771
9093.750000, 1.265121
9105.468750, 1.111713
9117.187500, 0.945358
9128.906250, 0.766996
9140.625000, 0.577707
9152.343750, 0.378724
9164.062500, 0.171440
9175.781250, -0.042576
9187.500000, -0.261575
9199.218750, -0.483623
9210.937500, -0.706598
9222.656250, -0.928201
9234.375000, -1.145965
9246.093750, -1.357281
9257.812500, -1.559433
9269.531250, -1.749640
9281.250000, -1.925116
9292.968750, -2.083137
9304.687500, -2.221117
9316.406250, -2.336692
9328.125000, -2.427804
9339.843750, -2.492777
9351.562500, -2.530388
9363.281250, -2.539917
9375.000000, -2.521183
9386.718750, -2.474545
9398.437500, -2.400895
9410.156250, -2.301611
9421.875000, -2.178503
9433.593750, -2.033741
9445.312500, -1.869770
9457.031250, -1.689230
9468.750000, -1.494875
9480.468750, -1.289497
9492.187500, -1.075861
9503.906250, -0.856653
9515.625000, -0.634439
9527.343750, -0.411633
9539.062500, -0.190477
9550.781250, 0.026968
9562.500000, 0.238828
9574.218750, 0.443414
9585.937500, 0.639216
9597.656250, 0.824894
9609.375000, 0.999266
9621.093750, 1.161300
9632.812500, 1.310098
9644.531250, 1.444887
9656.250000, 1.565008
9667.968750, 1.669903
9679.687500, 1.759108
9691.406250, 1.832248
9703.125000, 1.889023
9714.843750, 1.929208
9726.562500, 1.952648
9738.281250, 1.959254
9750.000000, 1.949001
9761.718750, 1.921927
9773.437500, 1.878136
9785.156250, 1.817800
9796.875000, 1.741159
9808.593750, 1.648529
9820.312500, 1.540305
9832.031250, 1.416970
9843.750000, 1.279104
9855.468750, 1.127392
9867.187500, 0.962632
9878.906250, 0.785752
9890.625000, 0.597817
9902.343750, 0.400043
9914.062500, 0.193807
9925.781250, -0.019341
9937.500000, -0.237670
9949.218750, -0.459265
9960.937500, -0.682024
9972.656250, -0.903664
9984.375000, -1.121734
9996.093750, -1.333638
10007.812500, -1.536669
10019.531250, -1.728049
10031.250000, -1.904989
10042.968750, -2.064754
10054.687500, -2.204740
10066.406250, -2.322556
10078.125000, -2.416106
10089.843750, -2.483673
10101.562500, -2.523982
10113.281250, -2.536259
10125.000000, -2.520267
10136.718750, -2.476310
10148.437500, -2.405226
10160.156250, -2.308345
10171.875000, -2.187437
10183.593750, -2.044636
10195.312500, -1.882366
10207.031250, -1.703251
10218.750000, -1.510036
10230.468750, -1.305512
10242.187500, -1.092450
10253.906250, -0.873549
10265.625000, -0.651388
10277.343750, -0.428397
10289.062500, -0.206838
10300.781250, 0.011209
10312.500000, 0.223851
10324.218750, 0.429379
10335.937500, 0.626266
10347.656250, 0.813154
10359.375000, 0.988846
10371.093750, 1.152293
10382.812500, 1.302586
10394.531250, 1.438938
10406.250000, 1.560679
10417.968750, 1.667241
10429.687500, 1.758151
10441.406250, 1.833023
10453.125000, 1.891552
10464.843750, 1.933503
10476.562500, 1.958715
10488.281250, 1.967091
10500.000000, 1.958599
10511.718750, 1.933271
10523.437500, 1.891203
10535.156250, 1.832559
10546.875000, 1.757571
10558.593750, 1.666545
10570.312500, 1.559869
10582.031250, 1.438015
10593.750000, 1.301551
10605.468750, 1.151148
10617.187500, 0.987593
10628.906250, 0.811797
10640.625000, 0.624810
10652.343750, 0.427828
10664.062500, 0.222212
10675.781250, 0.009490
10687.500000, -0.208627
10699.218750, -0.430245
10710.937500, -0.653281
10722.656250, -0.875472
10734.375000, -1.094385
10746.093750, -1.307438
10757.812500, -1.511932
10769.531250, -1.705094
10781.250000, -1.884130
10792.968750, -2.046295
10804.687500, -2.188963
10816.406250, -2.309713
10828.125000, -2.406410
10839.843750, -2.477287
10851.562500, -2.521015
10863.281250, -2.536761
10875.000000, -2.524224
10886.718750, -2.483647
10898.437500, -2.415810
10910.156250, -2.321989
10921.875000, -2.203909
10933.593750, -2.063669
10945.312500, -1.903665
10957.031250, -1.726505
10968.750000, -1.534925
10980.468750, -1.331717
10992.187500, -1.119660
11003.906250, -0.901463
11015.625000, -0.679723
11027.343750, -0.456890
11039.062500, -0.235247
11050.781250, -0.016895
11062.500000, 0.196250
11074.218750, 0.402459
11085.937500, 0.600183
11097.656250, 0.788044
11109.375000, 0.964829
11121.093750, 1.129473
11132.812500, 1.281050
11144.531250, 1.418760
11156.250000, 1.541921
11167.968750, 1.649954
11179.687500, 1.742377
11191.406250, 1.818793
11203.125000, 1.878890
11214.843750, 1.922425
11226.562500, 1.949231
11238.281250, 1.959203
11250.000000, 1.952303
11261.718750, 1.928557
11273.437500, 1.888056
11285.156250, 1.830957
11296.875000, 1.757486
11308.593750, 1.667942
11320.312500, 1.562706
11332.031250, 1.442243
11343.750000, 1.307112
11355.468750, 1.157977
11367.187500, 0.995613
11378.906250, 0.820923
11390.625000, 0.634944
11402.343750, 0.438862
11414.062500, 0.234024
11425.781250, 0.021944
11437.500000, -0.195680
11449.218750, -0.416967
11460.937500, -0.639849
11472.656250, -0.862076
11484.375000, -1.081225
11496.093750, -1.294724
11507.812500, -1.499880
11519.531250, -1.693922
11531.250000, -1.874053
11542.968750, -2.037519
11554.687500, -2.181681
11566.406250, -2.304095
11578.125000, -2.402599
11589.843750, -2.475394
11601.562500, -2.521113
11613.281250, -2.538881
11625.000000, -2.528354
11636.718750, -2.489734
11648.437500, -2.423758
11660.156250, -2.331668
11671.875000, -2.215157
11683.593750, -2.076300
11695.312500, -1.917474
11707.031250, -1.741275
11718.750000, -1.550434
11730.468750, -1.347745
11742.187500, -1.135989
11753.906250, -0.917886
11765.625000, -0.696043
11777.343750, -0.472925
11789.062500, -0.250829
11800.781250, -0.031870
11812.500000, 0.182019
11824.218750, 0.389095
11835.937500, 0.587795
11847.656250, 0.776728
11859.375000, 0.954668
11871.093750, 1.120538
11882.812500, 1.273403
11894.531250, 1.412454
11906.250000, 1.537000
11917.968750, 1.646453
11929.687500, 1.740325
11941.406250, 1.818214
11953.125000, 1.879798
11964.843750, 1.924834
11976.562500, 1.953144
11988.281250, 1.964622
12000.000000, 1.959224
12011.718750, 1.936971
12023.437500, 1.897947
12035.156250, 1.842305
12046.875000, 1.770265
12058.593750, 1.682121
12070.312500, 1.578244
12082.031250, 1.459093
12093.750000, 1.325219
12105.468750, 1.177276
12117.187500, 1.016029
12128.906250, 0.842369
12140.625000, 0.657321
12152.343750, 0.462057
12164.062500, 0.257909
12175.781250, 0.046376
12187.500000, -0.170861
12199.218750, -0.391938
12210.937500, -0.614804
12222.656250, -0.837225
12234.375000, -1.056795
12246.093750, -1.270954
12257.812500, -1.477018
12269.531250, -1.672223
12281.250000, -1.853775
12292.968750, -2.018912
12304.687500, -2.164983
12316.406250, -2.289526
12328.125000, -2.390351
12339.843750, -2.465624
12351.562500, -2.513937
12363.281250, -2.534371
12375.000000, -2.526533
12386.718750, -2.490577
12398.437500, -2.427193
12410.156250, -2.337579
12421.875000, -2.223389
12433.593750, -2.086667
12445.312500, -1.929764
12457.031250, -1.755260
12468.750000, -1.565875
12480.468750, -1.364400
12492.187500, -1.153618
12503.906250, -0.936256
12515.625000, -0.714932
12527.343750, -0.492124
12539.062500, -0.270143
12550.781250, -0.051122
12562.500000, 0.162991
12574.218750, 0.370436
12585.937500, 0.569634
12597.656250, 0.759180
12609.375000, 0.937833
12621.093750, 1.104503
12632.812500, 1.258243
12644.531250, 1.398233
12656.250000, 1.523771
12667.968750, 1.634261
12679.687500, 1.729206
12691.406250, 1.808196
12703.125000, 1.870904
12714.843750, 1.917077
12726.562500, 1.946534
12738.281250, 1.959162
12750.000000, 1.954911
12761.718750, 1.933796
12773.437500, 1.895898
12785.156250, 1.841363
12796.875000, 1.770405
12808.593750, 1.683312
12820.312500, 1.580450
12832.031250, 1.462271
12843.750000, 1.329319
12855.468750, 1.182239
12867.187500, 1.021790
12878.906250, 0.848853
12890.625000, 0.664443
12902.343750, 0.469723
12914.062500, 0.266014
12925.781250, 0.054805
12937.500000, -0.162235
12949.218750, -0.383253
12960.937500, -0.606209
12972.656250, -0.828878
12984.375000, -1.048862
12996.093750, -1.263608
13007.812500, -1.470436
13019.531250, -1.666580
13031.250000, -1.849242
13042.968750, -2.015653
13054.687500, -2.163146
13066.406250, -2.289238
13078.125000, -2.391716
13089.843750, -2.468716
13101.562500, -2.518796
13113.281250, -2.541002
13125.000000, -2.534904
13136.718750, -2.500620
13148.437500, -2.438806
13160.156250, -2.350631
13171.875000, -2.237724
13183.593750, -2.102109
13195.312500, -1.946124
13207.031250, -1.772339
13218.750000, -1.583476
13230.468750, -1.382324
13242.187500, -1.171675
13253.906250, -0.954264
13265.625000, -0.732721
13277.343750, -0.509536
13289.062500, -0.287034
13300.781250, -0.067364
13312.500000, 0.147514
13324.218750, 0.355827
13335.937500, 0.555983
13347.656250, 0.746566
13359.375000, 0.926322
13371.093750, 1.094155
13382.812500, 1.249107
13394.531250, 1.390350
13406.250000, 1.517176
13417.968750, 1.628982
13429.687500, 1.725266
13441.406250, 1.805613
13453.125000, 1.869690
13464.843750, 1.917242
13476.562500, 1.948082
13488.281250, 1.962094
13500.000000, 1.959224
13511.718750, 1.939485
13523.437500, 1.902952
13535.156250, 1.849767
13546.875000, 1.780142
13558.593750, 1.694358
13570.312500, 1.592777
13582.031250, 1.475845
13593.750000, 1.344099
13605.468750, 1.198178
13617.187500, 1.038833
13628.906250, 0.866935
13640.625000, 0.683491
13652.343750, 0.489651
13664.062500, 0.286725
13675.781250, 0.076190
13687.500000, -0.140300
13699.218750, -0.360905
13710.937500, -0.583601
13722.656250, -0.806177
13734.375000, -1.026249
13746.093750, -1.241276
13757.812500, -1.448589
13769.531250, -1.645431
13781.250000, -1.829007
13792.968750, -1.996545
13804.687500, -2.145375
13816.406250, -2.273001
13828.125000, -2.377191
13839.843750, -2.456055
13851.562500, -2.508123
13863.281250, -2.532405
13875.000000, -2.528434
13886.718750, -2.496287
13898.437500, -2.436583
13910.156250, -2.350452
13921.875000, -2.239490
13933.593750, -2.105692
13945.312500, -1.951373
13957.031250, -1.779087
13968.750000, -1.591542
13980.468750, -1.391522
13992.187500, -1.181817
14003.906250, -0.965166
14015.625000, -0.744203
14027.343750, -0.521429
14039.062500, -0.299180
14050.781250, -0.079615
14062.500000, 0.135294
14074.218750, 0.343759
14085.937500, 0.544178
14097.656250, 0.735120
14109.375000, 0.915324
14121.093750, 1.083679
14132.812500, 1.239218
14144.531250, 1.381106
14156.250000, 1.508624
14167.968750, 1.621163
14179.687500, 1.718211
14191.406250, 1.799348
14203.125000, 1.864235
14214.843750, 1.912610
14226.562500, 1.944282
14238.281250, 1.959128
14250.000000, 1.957090
14261.718750, 1.938174
14273.437500, 1.902453
14285.156250, 1.850062
14296.875000, 1.781206
14308.593750, 1.696164
14320.312500, 1.595290
14332.031250, 1.479024
14343.750000, 1.347897
14355.468750, 1.202541
14367.187500, 1.043698
14378.906250, 0.872233
14390.625000, 0.689143
14402.343750, 0.495570
14414.062500, 0.292814
14425.781250, 0.082343
14437.500000, -0.134198
14449.218750, -0.354981
14460.937500, -0.577987
14472.656250, -0.801015
14484.375000, -1.021687
14496.093750, -1.237465
14507.812500, -1.445683
14519.531250, -1.643582
14531.250000, -1.828359
14542.968750, -1.997235
14554.687500, -2.147522
14566.406250, -2.276705
14578.125000, -2.382528
14589.843750, -2.463072
14601.562500, -2.516836
14613.281250, -2.542797
14625.000000, -2.540453
14636.718750, -2.509850
14648.437500, -2.451576
14660.156250, -2.366736
14671.875000, -2.256904
14683.593750, -2.124060
14695.312500, -1.970507
14707.031250, -1.798796
14718.750000, -1.611633
14730.468750, -1.411807
14742.187500, -1.202117
14753.906250, -0.985310
14765.625000, -0.764035
14777.343750, -0.540804
14789.062500, -0.317968
14800.781250, -0.097699
14812.500000, 0.118017
14824.218750, 0.327380
14835.937500, 0.528775
14847.656250, 0.720763
14859.375000, 0.902070
14871.093750, 1.071578
14882.812500, 1.228312
14894.531250, 1.371428
14906.250000, 1.500204
14917.968750, 1.614023
14929.687500, 1.712370
14941.406250, 1.794821
14953.125000, 1.861032
14964.843750, 1.910738
14976.562500, 1.943745
14988.281250, 1.959927
15000.000000, 1.959224
15011.718750, 1.941640
15023.437500, 1.907242
15035.156250, 1.856164
15046.875000, 1.788609
15058.593750, 1.704850
15070.312500, 1.605240
15082.031250, 1.490213
15093.750000, 1.360295
15105.468750, 1.216112
15117.187500, 1.058402
15128.906250, 0.888021
15140.625000, 0.705958
15152.343750, 0.513347
15164.062500, 0.311478
15175.781250, 0.101807
15187.500000, -0.114033
15199.218750, -0.334224
15210.937500, -0.556763
15222.656250, -0.779461
15234.375000, -0.999953
15246.093750, -1.215714
15257.812500, -1.424090
15269.531250, -1.622329
15281.250000, -1.807636
15292.968750, -1.977234
15304.687500, -2.128434
15316.406250, -2.258713
15328.125000, -2.365803
15339.843750, -2.447769
15351.562500, -2.503085
15363.281250, -2.530700
15375.000000, -2.530085
15386.718750, -2.501249
15398.437500, -2.444749
15410.156250, -2.361656
15421.875000, -2.253515
15433.593750, -2.122278
15445.312500, -1.970226
15457.031250, -1.799890
15468.750000, -1.613965
15480.468750, -1.415231
15492.187500, -1.206483
15503.906250, -0.990466
15515.625000, -0.769834
15527.343750, -0.547103
15539.062500, -0.324632
15550.781250, -0.104600
15562.500000, 0.110995
15574.218750, 0.320346
15585.937500, 0.521826
15597.656250, 0.713986
15609.375000, 0.895544
15621.093750, 1.065373
15632.812500, 1.222488
15644.531250, 1.366039
15656.250000, 1.495293
15667.968750, 1.609630
15679.687500, 1.708526
15691.406250, 1.791551
15703.125000, 1.858356
15714.843750, 1.908670
15726.562500, 1.942294
15738.281250, 1.959097
15750.000000, 1.959015
15761.718750, 1.942044
15773.437500, 1.908250
15785.156250, 1.857760
15796.875000, 1.790772
15808.593750, 1.707554
15820.312500, 1.608453
15832.031250, 1.493896
15843.750000, 1.364406
15855.468750, 1.220600
15867.187500, 1.063208
15878.906250, 0.893080
15890.625000, 0.711197
15902.343750, 0.518684
15914.062500, 0.316822
15925.781250, 0.107060
15937.500000, -0.108979
15949.218750, -0.329486
15960.937500, -0.552465
15972.656250, -0.775733
15984.375000, -0.996932
15996.093750, -1.213539
16007.812500, -1.422901
16019.531250, -1.622263
16031.250000, -1.808825
16042.968750, -1.979798
16054.687500, -2.132477
16066.406250, -2.264322
16078.125000, -2.373040
16089.843750, -2.456668
16101.562500, -2.513651
16113.281250, -2.542907
16125.000000, -2.543872
16136.718750, -2.516528
16148.437500, -2.461402
16160.156250, -2.379542
16171.875000, -2.272472
16183.593750, -2.142131
16195.312500, -1.990792
16207.031250, -1.820981
16218.750000, -1.635395
16230.468750, -1.436818
16242.187500, -1.228053
16253.906250, -1.011858
16265.625000, -0.790896
16277.343750, -0.567699
16289.062500, -0.344638
16300.781250, -0.123907
16312.500000, 0.092485
16324.218750, 0.302716
16335.937500, 0.505150
16347.656250, 0.698328
16359.375000, 0.880956
16371.093750, 1.051900
16382.812500, 1.210168
16394.531250, 1.354903
16406.250000, 1.485368
16417.968750, 1.600936
16429.687500, 1.701080
16441.406250, 1.785365
16453.125000, 1.853440
16464.843750, 1.905031
16476.562500, 1.939937
16488.281250, 1.958024
16500.000000, 1.959224
16511.718750, 1.943535
16523.437500, 1.911016
16535.156250, 1.861796
16546.875000, 1.796068
16558.593750, 1.714098
16570.312500, 1.616230
16582.031250, 1.502889
16593.750000, 1.374591
16605.468750, 1.231951
16617.187500, 1.075694
16628.906250, 0.906662
16640.625000, 0.725831
16652.343750, 0.534318
16664.062500, 0.333396
16675.781250, 0.124503
16687.500000, -0.090747
16699.218750, -0.310556
16710.937500, -0.532941
16722.656250, -0.755731
16734.375000, -0.976579
16746.093750, -1.192978
16757.812500, -1.402281
16769.531250, -1.601747
16781.250000, -1.788581
16792.968750, -1.960000
16804.687500, -2.113300
16816.406250, -2.245938
16828.125000, -2.355611
16839.843750, -2.440344
16851.562500, -2.498566
16863.281250, -2.529170
16875.000000, -2.531568
16886.718750, -2.505714
16898.437500, -2.452105
16910.156250, -2.371760
16921.875000, -2.266176
16933.593750, -2.137265
16945.312500, -1.987278
16957.031250, -1.818725
16968.750000, -1.634287
16980.468750, -1.436740
16992.187500, -1.228879
17003.906250, -1.013461
17015.625000, -0.793150
17027.343750, -0.570479
17039.062500, -0.347826
17050.781250, -0.127389
17062.500000, 0.088813
17074.218750, 0.298953
17085.937500, 0.501386
17097.656250, 0.694642
17109.375000, 0.877423
17121.093750, 1.048586
17132.812500, 1.207131
17144.531250, 1.352194
17156.250000, 1.483032
17167.968750, 1.599011
17179.687500, 1.699599
17191.406250, 1.784355
17203.125000, 1.852923
17214.843750, 1.905024
17226.562500, 1.940453
17238.281250, 1.959070
17250.000000, 1.960803
17261.718750, 1.945646
17273.437500, 1.913654
17285.156250, 1.864951
17296.875000, 1.799724
17308.593750, 1.718237
17320.312500, 1.620826
17332.031250, 1.507912
17343.750000, 1.380004
17355.468750, 1.237713
17367.187500, 1.081756
17378.906250, 0.912968
17390.625000, 0.732318
17402.343750, 0.540915
17414.062500, 0.340023
17425.781250, 0.131072
17437.500000, -0.084331
17449.218750, -0.304398
17460.937500, -0.527153
17472.656250, -0.750432
17484.375000, -0.971895
17496.093750, -1.189037
17507.812500, -1.399216
17519.531250, -1.599686
17531.250000, -1.787651
17542.968750, -1.960319
17554.687500, -2.114973
17566.406250, -2.249054
17578.125000, -2.360240
17589.843750, -2.446530
17601.562500, -2.506326
17613.281250, -2.538495
17625.000000, -2.542417
17636.718750, -2.518018
17648.437500, -2.465769
17660.156250, -2.386666
17671.875000, -2.282185
17683.593750, -2.154225
17695.312500, -2.005027
17707.031250, -1.837094
17718.750000, -1.653108
17730.468750, -1.455847
17742.187500, -1.248113
17753.906250, -1.032671
17765.625000, -0.812196
17777.343750, -0.589233
17789.062500, -0.366169
17800.781250, -0.145219
17812.500000, 0.071591
17824.218750, 0.282419
17835.937500, 0.485611
17847.656250, 0.679690
17859.375000, 0.863345
17871.093750, 1.035427
17882.812500, 1.194930
17894.531250, 1.340983
17906.250000, 1.472836
17917.968750, 1.589852
17929.687500, 1.691495
17941.406250, 1.777321
17953.125000, 1.846969
17964.843750, 1.900158
17976.562500, 1.936680
17988.281250, 1.956393
18000.000000, 1.959224
18011.718750, 1.945163
18023.437500, 1.914265
18035.156250, 1.866649
18046.875000, 1.802503
18058.593750, 1.722087
18070.312500, 1.625734
18082.031250, 1.513862
18093.750000, 1.386979
18105.468750, 1.245689
18117.187500, 1.090706
18128.906250, 0.922861
18140.625000, 0.743116
18152.343750, 0.552574
18164.062500, 0.352492
18175.781250, 0.144293
18187.500000, -0.070426
18199.218750, -0.289885
18210.937500, -0.512117
18222.656250, -0.734971
18234.375000, -0.956115
18246.093750, -1.173053
18257.812500, -1.383154
18269.531250, -1.583680
18281.250000, -1.771840
18292.968750, -1.944845
18304.687500, -2.099980
18316.406250, -2.234683
18328.125000, -2.346624
18339.843750, -2.433792
18351.562500, -2.494573
18363.281250, -2.527816
18375.000000, -2.532881
18386.718750, -2.509669
18398.437500, -2.458626
18410.156250, -2.380725
18421.875000, -2.277419
18433.593750, -2.150585
18445.312500, -2.002446
18457.031250, -1.835491
18468.750000, -1.652389
18480.468750, -1.455910
18492.187500, -1.248853
18503.906250, -1.033980
18515.625000, -0.813965
18527.343750, -0.591358
18539.062500, -0.368551
18550.781250, -0.147762
18562.500000, 0.068976
18574.218750, 0.279815
18585.937500, 0.483093
18597.656250, 0.677325
18609.375000, 0.861197
18621.093750, 1.033549
18632.812500, 1.193372
18644.531250, 1.339787
18656.250000, 1.472041
18667.968750, 1.589490
18679.687500, 1.691593
18691.406250, 1.777901
18703.125000, 1.848049
18714.843750, 1.901753
18726.562500, 1.938800
18738.281250, 1.959044
18750.000000, 1.962409
18761.718750, 1.948880
18773.437500, 1.918508
18785.156250, 1.871410
18796.875000, 1.807767
18808.593750, 1.727836
18820.312500, 1.631946
18832.031250, 1.520509
18843.750000, 1.394028
18855.468750, 1.253101
18867.187500, 1.098436
18878.906250, 0.930858
18890.625000, 0.751320
18902.343750, 0.560920
18914.062500, 0.360905
18925.781250, 0.152691
18937.500000, -0.062135
18949.218750, -0.281799
18960.937500, -0.504345
18972.656250, -0.727628
18984.375000, -0.949321
18996.093750, -1.166936
19007.812500, -1.377843
19019.531250, -1.579305
19031.250000, -1.768528
19042.968750, -1.942718
19054.687500, -2.099148
19066.406250, -2.235243
19078.125000, -2.348654
19089.843750, -2.437349
19101.562500, -2.499689
19113.281250, -2.534494
19125.000000, -2.541097
19136.718750, -2.519371
19148.437500, -2.469737
19160.156250, -2.393141
19171.875000, -2.291019
19183.593750, -2.165230
19195.312500, -2.017987
19207.031250, -1.851772
19218.750000, -1.669250
19230.468750, -1.473196
19242.187500, -1.266410
19253.906250, -1.051662
19265.625000, -0.831637
19277.343750, -0.608893
19289.062500, -0.385833
19300.781250, -0.164687
19312.500000, 0.052500
19324.218750, 0.263871
19335.937500, 0.467752
19347.656250, 0.662651
19359.375000, 0.847244
19371.093750, 1.020364
19382.812500, 1.180994
19394.531250, 1.328250
19406.250000, 1.461372
19417.968750, 1.579713
19429.687500, 1.682726
19441.406250, 1.769960
19453.125000, 1.841047
19464.843750, 1.895698
19476.562500, 1.933698
19488.281250, 1.954900
19500.000000, 1.959224
19511.718750, 1.946654
19523.437500, 1.917239
19535.156250, 1.871093
19546.875000, 1.808396
19558.593750, 1.729402
19570.312500, 1.634438
19582.031250, 1.523913
19593.750000, 1.398327
19605.468750, 1.258275
19617.187500, 1.104461
19628.906250, 0.937705
19640.625000, 0.758956
19652.343750, 0.569306
19664.062500, 0.369998
19675.781250, 0.162438
19687.500000, -0.051790
19699.218750, -0.270924
19710.937500, -0.493013
19722.656250, -0.715920
19734.375000, -0.937330
19746.093750, -1.154759
19757.812500, -1.365586
19769.531250, -1.567080
19781.250000, -1.756452
19792.968750, -1.930909
19804.687500, -2.087727
19816.406250, -2.224324
19828.125000, -2.338348
19839.843750, -2.427755
19851.562500, -2.490893
19863.281250, -2.526568
19875.000000, -2.534092
19886.718750, -2.513320
19898.437500, -2.464651
19910.156250, -2.389011
19921.875000, -2.287815
19933.593750, -2.162907
19945.312500, -2.016483
19957.031250, -1.851013
19968.750000, -1.669154
19980.468750, -1.473671
19992.187500, -1.267364
20003.906250, -1.053001
20015.625000, -0.833268
20027.343750, -0.610724
20039.062500, -0.387779
20050.781250, -0.166665
20062.500000, 0.050566
20074.218750, 0.262051
20085.937500, 0.466112
20097.656250, 0.661248
20109.375000, 0.846130
20121.093750, 1.019586
20132.812500, 1.180594
20144.531250, 1.328264
20156.250000, 1.461833
20167.968750, 1.580646
20179.687500, 1.684156
20191.406250, 1.771905
20203.125000, 1.843522
20214.843750, 1.898715
20226.562500, 1.937264
20238.281250, 1.959021
20250.000000, 1.963901
20261.718750, 1.951885
20273.437500, 1.923019
20285.156250, 1.877412
20296.875000, 1.815242
20308.593750, 1.736757
20320.312500, 1.642281
20332.031250, 1.532218
20343.750000, 1.407063
20355.468750, 1.267406
20367.187500, 1.113943
20378.906250, 0.947490
20390.625000, 0.768989
20402.343750, 0.579522
20414.062500, 0.380326
20425.781250, 0.172799
20437.500000, -0.041486
20449.218750, -0.260773
20460.937500, -0.483121
20472.656250, -0.706401
20484.375000, -0.928304
20496.093750, -1.146354
20507.812500, -1.357933
20519.531250, -1.560312
20531.250000, -1.750701
20542.968750, -1.926304
20554.687500, -2.084385
20566.406250, -2.222352
20578.125000, -2.337836
20589.843750, -2.428772
20601.562500, -2.493485
20613.281250, -2.530753
20625.000000, -2.539862
20636.718750, -2.520638
20648.437500, -2.473452
20660.156250, -2.399209
20671.875000, -2.299300
20683.593750, -2.175552
20695.312500, -2.030148
20707.031250, -1.865549
20718.750000, -1.684409
20730.468750, -1.489492
20742.187500, -1.283602
20753.906250, -1.069511
20765.625000, -0.849914
20777.343750, -0.627380
20789.062500, -0.404328
20800.781250, -0.183001
20812.500000, 0.034538
20824.218750, 0.246416
20835.937500, 0.450944
20847.656250, 0.646613
20859.375000, 0.832086
20871.093750, 1.006182
20882.812500, 1.167872
20894.531250, 1.316260
20906.250000, 1.450577
20917.968750, 1.570164
20929.687500, 1.674468
20941.406250, 1.763028
20953.125000, 1.835469
20964.843750, 1.891497
20976.562500, 1.930890
20988.281250, 1.953494
21000.000000, 1.959224
21011.718750, 1.948059
21023.437500, 1.920041
21035.156250, 1.875280
21046.875000, 1.813949
21058.593750, 1.736295
21070.312500, 1.642639
21082.031250, 1.533384
21093.750000, 1.409021
21105.468750, 1.270136
21117.187500, 1.117424
21128.906250, 0.951696
21140.625000, 0.773888
21152.343750, 0.585081
21164.062500, 0.386503
21175.781250, 0.179549
21187.500000, -0.034215
21199.218750, -0.253039
21210.937500, -0.474989
21222.656250, -0.697943
21234.375000, -0.919599
21246.093750, -1.137487
21257.812500, -1.348995
21269.531250, -1.551398
21281.250000, -1.741910
21292.968750, -1.917735
21304.687500, -2.076139
21316.406250, -2.214524
21328.125000, -2.330515
21339.843750, -2.422038
21351.562500, -2.487407
21363.281250, -2.525385
21375.000000, -2.535241
21386.718750, -2.516784
21398.437500, -2.470369
21410.156250, -2.396879
21421.875000, -2.297692
21433.593750, -2.174619
21445.312500, -2.029830
21457.031250, -1.865777
21468.750000, -1.685105
21480.468750, -1.490576
21492.187500, -1.284988
21503.906250, -1.071116
21515.625000, -0.851654
21527.343750, -0.629175
21539.062500, -0.406101
21550.781250, -0.184681
21562.500000, 0.033018
21574.218750, 0.245116
21585.937500, 0.449921
21597.656250, 0.645917
21609.375000, 0.831762
21621.093750, 1.006270
21632.812500, 1.168407
21644.531250, 1.317274
21656.250000, 1.452095
21667.968750, 1.572210
21679.687500, 1.677062
21691.406250, 1.766185
21703.125000, 1.839202
21714.843750, 1.895815
21726.562500, 1.935799
21738.281250, 1.958999
21750.000000, 1.965325
21761.718750, 1.954753
21773.437500, 1.927323
21785.156250, 1.883139
21796.875000, 1.822374
21808.593750, 1.745270
21820.312500, 1.652144
21832.031250, 1.543393
21843.750000, 1.419504
21855.468750, 1.281059
21867.187500, 1.128745
21878.906250, 0.963368
21890.625000, 0.785857
21902.343750, 0.597284
21914.062500, 0.398871
21925.781250, 0.192003
21937.500000, -0.021763
21949.218750, -0.240686
21960.937500, -0.462841
21972.656250, -0.686115
21984.375000, -0.908214
21996.093750, -1.126675
22007.812500, -1.338891
22019.531250, -1.542143
22031.250000, -1.733642
22042.968750, -1.910590
22054.687500, -2.070246
22066.406250, -2.210002
22078.125000, -2.327466
22089.843750, -2.420547
22101.562500, -2.487533
22113.281250, -2.527162
22125.000000, -2.538676
22136.718750, -2.521854
22148.437500, -2.477024
22160.156250, -2.405044
22171.875000, -2.307268
22183.593750, -2.185487
22195.312500, -2.041858
22207.031250, -1.878821
22218.750000, -1.699016
22230.468750, -1.505202
22242.187500, -1.300180
22253.906250, -1.086728
22265.625000, -0.867548
22277.343750, -0.645221
22289.062500, -0.422179
22300.781250, -0.200682
22312.500000, 0.017194
22324.218750, 0.229560
22335.937500, 0.434710
22347.656250, 0.631122
22359.375000, 0.817443
22371.093750, 0.992481
22382.812500, 1.155194
22394.531250, 1.304675
22406.250000, 1.440144
22417.968750, 1.560936
22429.687500, 1.666486
22441.406250, 1.756327
22453.125000, 1.830078
22464.843750, 1.887437
22476.562500, 1.928175
22488.281250, 1.952134
22500.000000, 1.959224
22511.718750, 1.949417
22523.437500, 1.922751
22535.156250, 1.879328
22546.875000, 1.819318
22558.593750, 1.742960
22570.312500, 1.650571
22582.031250, 1.542544
22593.750000, 1.419364
22605.468750, 1.281610
22617.187500, 1.129965
22628.906250, 0.965232
22640.625000, 0.788336
22652.343750, 0.600345
22664.062500, 0.402477
22675.781250, 0.196111
22687.500000, -0.017199
22699.218750, -0.235721
22710.937500, -0.457533
22722.656250, -0.680529
22734.375000, -0.902420
22746.093750, -1.120748
22757.812500, -1.332910
22769.531250, -1.536190
22781.250000, -1.727803
22792.968750, -1.904950
22804.687500, -2.064888
22816.406250, -2.205005
22828.125000, -2.322903
22839.843750, -2.416481
22851.562500, -2.484016
22863.281250, -2.524233
22875.000000, -2.536360
22886.718750, -2.520159
22898.437500, -2.475941
22910.156250, -2.404550
22921.875000, -2.307325
22933.593750, -2.186046
22945.312500, -2.042859
22957.031250, -1.880194
22968.750000, -1.700688
22980.468750, -1.507096
22992.187500, -1.302216
23003.906250, -1.088828
23015.625000, -0.869636
23027.343750, -0.647224
23039.062500, -0.424028
23050.781250, -0.202313
23062.500000, 0.015841
23074.218750, 0.228537
23085.937500, 0.434068
23097.656250, 0.630905
23109.375000, 0.817690
23121.093750, 0.993227
23132.812500, 1.156469
23144.531250, 1.306506
23156.250000, 1.442555
23167.968750, 1.563944
23179.687500, 1.670110
23191.406250, 1.760579
23203.125000, 1.834969
23214.843750, 1.892974
23226.562500, 1.934363
23238.281250, 1.958977
23250.000000, 1.966721
23261.718750, 1.957564
23273.437500, 1.931543
23285.156250, 1.888756
23296.875000, 1.829369
23308.593750, 1.753620
23320.312500, 1.661818
23332.031250, 1.554355
23343.750000, 1.431710
23355.468750, 1.294456
23367.187500, 1.143271
23378.906250, 0.978951
23390.625000, 0.802414
23402.343750, 0.614721
23414.062500, 0.417080
23425.781250, 0.210862
23437.500000, -0.002389
23449.218750, -0.220950
23460.937500, -0.442911
23472.656250, -0.666174
23484.375000, -0.888459
23496.093750, -1.107319
23507.812500, -1.320156
23519.531250, -1.524258
23531.250000, -1.716843
23542.968750, -1.895110
23554.687500, -2.056311
23566.406250, -2.197824
23578.125000, -2.317236
23589.843750, -2.412428
23601.562500, -2.481654
23613.281250, -2.523613
23625.000000, -2.537503
23636.718750, -2.523058
23648.437500, -2.480560
23660.156250, -2.410823
23671.875000, -2.315163
23683.593750, -2.195338
23695.312500, -2.053474
23707.031250, -1.891993
23718.750000, -1.713520
23730.468750, -1.520808
23742.187500, -1.316655
23753.906250, -1.103845
23765.625000, -0.885086
23777.343750, -0.662971
23789.062500, -0.439946
23800.781250, -0.218283
23812.500000, -0.000077
23824.218750, 0.212769
23835.937500, 0.418534
23847.656250, 0.615682
23859.375000, 0.802845
23871.093750, 0.978818
23882.812500, 1.142548
23894.531250, 1.293117
23906.250000, 1.429734
23917.968750, 1.551724
23929.687500, 1.658517
23941.406250, 1.749636
23953.125000, 1.824693
23964.843750, 1.883379
23976.562500, 1.925461
23988.281250, 1.950775
